Type,Algorithm,Time,Comparisons
RANDOM_100,std::sort,0.160708,861
RANDOM_100,MergeSort,0.199717,607
RANDOM_100,MergeSort LCP,0.335958,612
RANDOM_100,Ternary QuickSort,0.0675584,715
RANDOM_100,MSD Radix,0.410992,364
RANDOM_100,MSD Radix + Quick,0.050358,308
REVERSED_100,std::sort,0.0418418,354
REVERSED_100,MergeSort,0.125841,367
REVERSED_100,MergeSort LCP,0.254225,412
REVERSED_100,Ternary QuickSort,0.231883,3182
REVERSED_100,MSD Radix,0.284508,340
REVERSED_100,MSD Radix + Quick,0.0427668,313
ALMOST_100,std::sort,0.0491834,475
ALMOST_100,MergeSort,0.0960918,471
ALMOST_100,MergeSort LCP,0.239333,431
ALMOST_100,Ternary QuickSort,0.0849418,1113
ALMOST_100,MSD Radix,0.332341,358
ALMOST_100,MSD Radix + Quick,0.040275,311
WITHPREFIX_100,std::sort,0.772142,13163
WITHPREFIX_100,MergeSort,0.588325,8665
WITHPREFIX_100,MergeSort LCP,0.453725,8762
WITHPREFIX_100,Ternary QuickSort,0.0881584,2258
WITHPREFIX_100,MSD Radix,0.586108,3348
WITHPREFIX_100,MSD Radix + Quick,0.3549,3298
RANDOM_200,std::sort,0.162058,1914
RANDOM_200,MergeSort,0.213833,1471
RANDOM_200,MergeSort LCP,0.394625,1476
RANDOM_200,Ternary QuickSort,0.0761998,1550
RANDOM_200,MSD Radix,0.405567,786
RANDOM_200,MSD Radix + Quick,0.0514084,716
REVERSED_200,std::sort,0.04725,752
REVERSED_200,MergeSort,0.157408,913
REVERSED_200,MergeSort LCP,0.326166,1013
REVERSED_200,Ternary QuickSort,0.332425,7236
REVERSED_200,MSD Radix,0.361792,780
REVERSED_200,MSD Radix + Quick,0.05185,802
ALMOST_200,std::sort,0.0701,1213
ALMOST_200,MergeSort,0.158808,1348
ALMOST_200,MergeSort LCP,0.332675,1270
ALMOST_200,Ternary QuickSort,0.108975,2498
ALMOST_200,MSD Radix,0.362042,784
ALMOST_200,MSD Radix + Quick,0.0464168,718
WITHPREFIX_200,std::sort,0.756117,19830
WITHPREFIX_200,MergeSort,0.606833,14240
WITHPREFIX_200,MergeSort LCP,0.570417,14286
WITHPREFIX_200,Ternary QuickSort,0.102092,3568
WITHPREFIX_200,MSD Radix,0.575017,4780
WITHPREFIX_200,MSD Radix + Quick,0.295392,4719
RANDOM_300,std::sort,0.207608,3366
RANDOM_300,MergeSort,0.27455,2550
RANDOM_300,MergeSort LCP,0.492817,2551
RANDOM_300,Ternary QuickSort,0.109525,2793
RANDOM_300,MSD Radix,0.400667,1214
RANDOM_300,MSD Radix + Quick,0.066475,1226
REVERSED_300,std::sort,0.0562334,1169
REVERSED_300,MergeSort,0.199075,1515
REVERSED_300,MergeSort LCP,0.417967,1694
REVERSED_300,Ternary QuickSort,0.423217,11092
REVERSED_300,MSD Radix,0.430683,1230
REVERSED_300,MSD Radix + Quick,0.07035,1428
ALMOST_300,std::sort,0.0964498,1908
ALMOST_300,MergeSort,0.230616,2266
ALMOST_300,MergeSort LCP,0.45885,2123
ALMOST_300,Ternary QuickSort,0.157833,4224
ALMOST_300,MSD Radix,0.427408,1224
ALMOST_300,MSD Radix + Quick,0.0679086,1243
WITHPREFIX_300,std::sort,1.25067,36413
WITHPREFIX_300,MergeSort,1.04878,27871
WITHPREFIX_300,MergeSort LCP,0.958358,27870
WITHPREFIX_300,Ternary QuickSort,0.167217,6175
WITHPREFIX_300,MSD Radix,0.806658,8408
WITHPREFIX_300,MSD Radix + Quick,0.477533,8420
RANDOM_400,std::sort,0.301708,4817
RANDOM_400,MergeSort,0.381108,3674
RANDOM_400,MergeSort LCP,0.69565,3669
RANDOM_400,Ternary QuickSort,0.145133,3570
RANDOM_400,MSD Radix,0.518258,1662
RANDOM_400,MSD Radix + Quick,0.0967416,1783
REVERSED_400,std::sort,0.0820666,1572
REVERSED_400,MergeSort,0.287316,2183
REVERSED_400,MergeSort LCP,0.586525,2419
REVERSED_400,Ternary QuickSort,0.600617,15843
REVERSED_400,MSD Radix,0.491608,1644
REVERSED_400,MSD Radix + Quick,0.0977914,2149
ALMOST_400,std::sort,0.166,3015
ALMOST_400,MergeSort,0.314975,3223
ALMOST_400,MergeSort LCP,0.655734,3025
ALMOST_400,Ternary QuickSort,0.284283,7428
ALMOST_400,MSD Radix,0.513192,1672
ALMOST_400,MSD Radix + Quick,0.08935,1798
WITHPREFIX_400,std::sort,2.25145,64860
WITHPREFIX_400,MergeSort,1.84146,48324
WITHPREFIX_400,MergeSort LCP,1.51153,48387
WITHPREFIX_400,Ternary QuickSort,0.240759,9633
WITHPREFIX_400,MSD Radix,1.13838,13638
WITHPREFIX_400,MSD Radix + Quick,0.742959,13727
RANDOM_500,std::sort,0.390317,6426
RANDOM_500,MergeSort,0.5314,4837
RANDOM_500,MergeSort LCP,0.930067,4835
RANDOM_500,Ternary QuickSort,0.210334,4923
RANDOM_500,MSD Radix,0.554016,2070
RANDOM_500,MSD Radix + Quick,0.124658,2377
REVERSED_500,std::sort,0.111225,2004
REVERSED_500,MergeSort,0.391208,3009
REVERSED_500,MergeSort LCP,0.802483,3097
REVERSED_500,Ternary QuickSort,0.778333,20068
REVERSED_500,MSD Radix,0.627809,2118
REVERSED_500,MSD Radix + Quick,0.135775,3043
ALMOST_500,std::sort,0.212834,3900
ALMOST_500,MergeSort,0.4318,4094
ALMOST_500,MergeSort LCP,1.09838,4026
ALMOST_500,Ternary QuickSort,0.432017,10594
ALMOST_500,MSD Radix,0.799667,2074
ALMOST_500,MSD Radix + Quick,0.132967,2419
WITHPREFIX_500,std::sort,2.57085,66574
WITHPREFIX_500,MergeSort,3.89463,51026
WITHPREFIX_500,MergeSort LCP,1.76494,51090
WITHPREFIX_500,Ternary QuickSort,0.286459,10474
WITHPREFIX_500,MSD Radix,1.18404,14102
WITHPREFIX_500,MSD Radix + Quick,0.726925,14312
RANDOM_600,std::sort,0.482742,7832
RANDOM_600,MergeSort,0.606634,6092
RANDOM_600,MergeSort LCP,1.16849,6068
RANDOM_600,Ternary QuickSort,0.224983,5534
RANDOM_600,MSD Radix,0.607533,2516
RANDOM_600,MSD Radix + Quick,0.143358,2972
REVERSED_600,std::sort,0.124725,2405
REVERSED_600,MergeSort,0.471575,3650
REVERSED_600,MergeSort LCP,0.945758,4047
REVERSED_600,Ternary QuickSort,0.910658,24526
REVERSED_600,MSD Radix,0.627483,2530
REVERSED_600,MSD Radix + Quick,0.176092,4033
ALMOST_600,std::sort,0.253225,5093
ALMOST_600,MergeSort,0.520141,5391
ALMOST_600,MergeSort LCP,1.06758,5066
ALMOST_600,Ternary QuickSort,0.544867,14220
ALMOST_600,MSD Radix,0.670892,2550
ALMOST_600,MSD Radix + Quick,0.161483,3099
WITHPREFIX_600,std::sort,3.55726,104544
WITHPREFIX_600,MergeSort,3.00644,78285
WITHPREFIX_600,MergeSort LCP,2.46182,78162
WITHPREFIX_600,Ternary QuickSort,0.402616,14687
WITHPREFIX_600,MSD Radix,1.65166,20522
WITHPREFIX_600,MSD Radix + Quick,1.12359,20984
RANDOM_700,std::sort,0.649125,9926
RANDOM_700,MergeSort,0.796758,7472
RANDOM_700,MergeSort LCP,1.41601,7454
RANDOM_700,Ternary QuickSort,0.258417,6182
RANDOM_700,MSD Radix,0.749792,2976
RANDOM_700,MSD Radix + Quick,0.19055,3634
REVERSED_700,std::sort,0.145592,2803
REVERSED_700,MergeSort,0.591275,4361
REVERSED_700,MergeSort LCP,1.17741,4923
REVERSED_700,Ternary QuickSort,1.17576,29749
REVERSED_700,MSD Radix,0.699342,2936
REVERSED_700,MSD Radix + Quick,0.238825,5236
ALMOST_700,std::sort,0.328283,6112
ALMOST_700,MergeSort,0.66855,6743
ALMOST_700,MergeSort LCP,1.30086,6270
ALMOST_700,Ternary QuickSort,0.689267,17247
ALMOST_700,MSD Radix,0.734959,2962
ALMOST_700,MSD Radix + Quick,0.194442,3815
WITHPREFIX_700,std::sort,4.36811,124530
WITHPREFIX_700,MergeSort,3.55187,93558
WITHPREFIX_700,MergeSort LCP,2.91158,93398
WITHPREFIX_700,Ternary QuickSort,0.487958,17633
WITHPREFIX_700,MSD Radix,1.79868,23952
WITHPREFIX_700,MSD Radix + Quick,1.27037,24553
RANDOM_800,std::sort,0.740725,11572
RANDOM_800,MergeSort,0.972117,8826
RANDOM_800,MergeSort LCP,1.70442,8839
RANDOM_800,Ternary QuickSort,0.378933,8805
RANDOM_800,MSD Radix,0.86295,3452
RANDOM_800,MSD Radix + Quick,0.2114,4325
REVERSED_800,std::sort,0.184275,3235
REVERSED_800,MergeSort,0.690942,5167
REVERSED_800,MergeSort LCP,1.32102,5740
REVERSED_800,Ternary QuickSort,1.46627,33530
REVERSED_800,MSD Radix,0.784,3406
REVERSED_800,MSD Radix + Quick,0.271492,6427
ALMOST_800,std::sort,0.390633,7444
ALMOST_800,MergeSort,0.762525,7780
ALMOST_800,MergeSort LCP,1.45821,7360
ALMOST_800,Ternary QuickSort,0.760066,19822
ALMOST_800,MSD Radix,0.843517,3416
ALMOST_800,MSD Radix + Quick,0.230208,4450
WITHPREFIX_800,std::sort,5.28108,150698
WITHPREFIX_800,MergeSort,4.30885,109668
WITHPREFIX_800,MergeSort LCP,4.48498,109830
WITHPREFIX_800,Ternary QuickSort,0.537883,19531
WITHPREFIX_800,MSD Radix,2.31439,27438
WITHPREFIX_800,MSD Radix + Quick,1.47511,28232
RANDOM_900,std::sort,0.825767,13471
RANDOM_900,MergeSort,1.06468,10168
RANDOM_900,MergeSort LCP,1.87979,10174
RANDOM_900,Ternary QuickSort,0.355675,9000
RANDOM_900,MSD Radix,0.867742,3862
RANDOM_900,MSD Radix + Quick,0.287983,4948
REVERSED_900,std::sort,0.196675,3672
REVERSED_900,MergeSort,0.826192,6124
REVERSED_900,MergeSort LCP,1.58361,6568
REVERSED_900,Ternary QuickSort,1.51258,38427
REVERSED_900,MSD Radix,0.953692,3882
REVERSED_900,MSD Radix + Quick,0.317667,7692
ALMOST_900,std::sort,0.421442,8451
ALMOST_900,MergeSort,0.883175,9120
ALMOST_900,MergeSort LCP,1.67388,8789
ALMOST_900,Ternary QuickSort,0.7383,19368
ALMOST_900,MSD Radix,0.865117,3872
ALMOST_900,MSD Radix + Quick,0.247141,5344
WITHPREFIX_900,std::sort,5.4801,164594
WITHPREFIX_900,MergeSort,4.70637,125654
WITHPREFIX_900,MergeSort LCP,3.67671,125509
WITHPREFIX_900,Ternary QuickSort,0.5658,22444
WITHPREFIX_900,MSD Radix,2.24477,30848
WITHPREFIX_900,MSD Radix + Quick,1.60831,31955
RANDOM_1000,std::sort,0.913108,14953
RANDOM_1000,MergeSort,1.19189,11577
RANDOM_1000,MergeSort LCP,2.16927,11598
RANDOM_1000,Ternary QuickSort,0.4362,10211
RANDOM_1000,MSD Radix,0.945583,4282
RANDOM_1000,MSD Radix + Quick,0.297667,5709
REVERSED_1000,std::sort,0.206784,4066
REVERSED_1000,MergeSort,0.901133,7088
REVERSED_1000,MergeSort LCP,1.73324,7236
REVERSED_1000,Ternary QuickSort,1.61953,43346
REVERSED_1000,MSD Radix,0.957442,4312
REVERSED_1000,MSD Radix + Quick,0.380334,9298
ALMOST_1000,std::sort,0.480508,9521
ALMOST_1000,MergeSort,0.953633,10223
ALMOST_1000,MergeSort LCP,1.86472,10127
ALMOST_1000,Ternary QuickSort,0.97145,25890
ALMOST_1000,MSD Radix,0.942642,4314
ALMOST_1000,MSD Radix + Quick,0.284534,6045
WITHPREFIX_1000,std::sort,6.21295,187104
WITHPREFIX_1000,MergeSort,5.14113,142883
WITHPREFIX_1000,MergeSort LCP,4.31456,142613
WITHPREFIX_1000,Ternary QuickSort,0.681208,25172
WITHPREFIX_1000,MSD Radix,2.50033,34298
WITHPREFIX_1000,MSD Radix + Quick,1.77752,35551
RANDOM_1100,std::sort,1.02158,17105
RANDOM_1100,MergeSort,1.28593,13039
RANDOM_1100,MergeSort LCP,2.3446,13045
RANDOM_1100,Ternary QuickSort,0.439933,11028
RANDOM_1100,MSD Radix,1.04407,4784
RANDOM_1100,MSD Radix + Quick,0.317442,6450
REVERSED_1100,std::sort,0.223133,4494
REVERSED_1100,MergeSort,0.966325,7772
REVERSED_1100,MergeSort LCP,1.83902,8302
REVERSED_1100,Ternary QuickSort,1.74552,47430
REVERSED_1100,MSD Radix,1.08695,4826
REVERSED_1100,MSD Radix + Quick,0.432542,10611
ALMOST_1100,std::sort,0.5088,10486
ALMOST_1100,MergeSort,1.04487,11372
ALMOST_1100,MergeSort LCP,2.02813,11020
ALMOST_1100,Ternary QuickSort,1.01343,27384
ALMOST_1100,MSD Radix,1.1437,4892
ALMOST_1100,MSD Radix + Quick,0.314383,6911
WITHPREFIX_1100,std::sort,7.13987,218412
WITHPREFIX_1100,MergeSort,6.00723,158942
WITHPREFIX_1100,MergeSort LCP,4.78818,158683
WITHPREFIX_1100,Ternary QuickSort,0.810659,28951
WITHPREFIX_1100,MSD Radix,2.63531,37718
WITHPREFIX_1100,MSD Radix + Quick,2.00265,39267
RANDOM_1200,std::sort,1.06881,18658
RANDOM_1200,MergeSort,1.37305,14507
RANDOM_1200,MergeSort LCP,2.44499,14512
RANDOM_1200,Ternary QuickSort,0.518133,12974
RANDOM_1200,MSD Radix,1.09315,5230
RANDOM_1200,MSD Radix + Quick,0.338917,7164
REVERSED_1200,std::sort,0.236967,4946
REVERSED_1200,MergeSort,1.1102,8623
REVERSED_1200,MergeSort LCP,2.26728,9455
REVERSED_1200,Ternary QuickSort,1.84961,50677
REVERSED_1200,MSD Radix,1.25896,5372
REVERSED_1200,MSD Radix + Quick,0.493058,12338
ALMOST_1200,std::sort,0.592858,11969
ALMOST_1200,MergeSort,1.14551,12858
ALMOST_1200,MergeSort LCP,2.25196,12054
ALMOST_1200,Ternary QuickSort,1.11223,29815
ALMOST_1200,MSD Radix,1.19135,5296
ALMOST_1200,MSD Radix + Quick,0.348725,7715
WITHPREFIX_1200,std::sort,7.93357,229637
WITHPREFIX_1200,MergeSort,6.77338,176121
WITHPREFIX_1200,MergeSort LCP,5.4036,176461
WITHPREFIX_1200,Ternary QuickSort,0.80515,30619
WITHPREFIX_1200,MSD Radix,2.95081,41322
WITHPREFIX_1200,MSD Radix + Quick,2.03756,43100
RANDOM_1300,std::sort,1.17865,20990
RANDOM_1300,MergeSort,1.5027,16073
RANDOM_1300,MergeSort LCP,2.74653,16055
RANDOM_1300,Ternary QuickSort,0.606867,15025
RANDOM_1300,MSD Radix,1.23938,5724
RANDOM_1300,MSD Radix + Quick,0.376958,7958
REVERSED_1300,std::sort,0.252642,5347
REVERSED_1300,MergeSort,1.14625,9353
REVERSED_1300,MergeSort LCP,2.21342,10428
REVERSED_1300,Ternary QuickSort,2.05564,57095
REVERSED_1300,MSD Radix,1.32021,5732
REVERSED_1300,MSD Radix + Quick,0.57515,14321
ALMOST_1300,std::sort,0.694075,13567
ALMOST_1300,MergeSort,1.37274,14805
ALMOST_1300,MergeSort LCP,2.63838,13943
ALMOST_1300,Ternary QuickSort,1.59498,40845
ALMOST_1300,MSD Radix,1.50031,5898
ALMOST_1300,MSD Radix + Quick,0.393875,8642
WITHPREFIX_1300,std::sort,8.78927,256219
WITHPREFIX_1300,MergeSort,7.05382,193899
WITHPREFIX_1300,MergeSort LCP,5.57326,194051
WITHPREFIX_1300,Ternary QuickSort,0.934025,35263
WITHPREFIX_1300,MSD Radix,3.09631,44720
WITHPREFIX_1300,MSD Radix + Quick,2.24565,46900
RANDOM_1400,std::sort,1.32035,22533
RANDOM_1400,MergeSort,1.71932,17565
RANDOM_1400,MergeSort LCP,3.05447,17600
RANDOM_1400,Ternary QuickSort,0.634809,15380
RANDOM_1400,MSD Radix,1.44526,6256
RANDOM_1400,MSD Radix + Quick,0.406567,8627
REVERSED_1400,std::sort,0.298617,5784
REVERSED_1400,MergeSort,1.2984,10224
REVERSED_1400,MergeSort LCP,2.52588,11470
REVERSED_1400,Ternary QuickSort,2.26094,60746
REVERSED_1400,MSD Radix,1.42333,6260
REVERSED_1400,MSD Radix + Quick,0.6484,15931
ALMOST_1400,std::sort,0.675217,14037
ALMOST_1400,MergeSort,1.41116,15885
ALMOST_1400,MergeSort LCP,2.69454,14833
ALMOST_1400,Ternary QuickSort,1.22926,33294
ALMOST_1400,MSD Radix,1.34555,6220
ALMOST_1400,MSD Radix + Quick,0.428075,9481
WITHPREFIX_1400,std::sort,9.10231,278284
WITHPREFIX_1400,MergeSort,7.55487,210320
WITHPREFIX_1400,MergeSort LCP,6.30278,210528
WITHPREFIX_1400,Ternary QuickSort,0.977467,36640
WITHPREFIX_1400,MSD Radix,3.52776,48200
WITHPREFIX_1400,MSD Radix + Quick,2.47809,50498
RANDOM_1500,std::sort,1.41508,25075
RANDOM_1500,MergeSort,1.79752,19138
RANDOM_1500,MergeSort LCP,3.18357,19114
RANDOM_1500,Ternary QuickSort,0.658734,16063
RANDOM_1500,MSD Radix,1.55928,6778
RANDOM_1500,MSD Radix + Quick,0.434591,9273
REVERSED_1500,std::sort,0.295283,6186
REVERSED_1500,MergeSort,1.3651,11204
REVERSED_1500,MergeSort LCP,2.62877,12331
REVERSED_1500,Ternary QuickSort,2.40849,66408
REVERSED_1500,MSD Radix,1.51555,6662
REVERSED_1500,MSD Radix + Quick,0.747742,18136
ALMOST_1500,std::sort,0.766417,15411
ALMOST_1500,MergeSort,1.60576,17106
ALMOST_1500,MergeSort LCP,3.10175,16216
ALMOST_1500,Ternary QuickSort,1.81866,46881
ALMOST_1500,MSD Radix,1.55917,6704
ALMOST_1500,MSD Radix + Quick,0.501383,10472
WITHPREFIX_1500,std::sort,10.2376,303435
WITHPREFIX_1500,MergeSort,8.18263,228063
WITHPREFIX_1500,MergeSort LCP,6.53116,227865
WITHPREFIX_1500,Ternary QuickSort,1.00341,38752
WITHPREFIX_1500,MSD Radix,3.9231,51746
WITHPREFIX_1500,MSD Radix + Quick,2.6413,54361
RANDOM_1600,std::sort,1.54376,27691
RANDOM_1600,MergeSort,2.02309,20713
RANDOM_1600,MergeSort LCP,3.53227,20694
RANDOM_1600,Ternary QuickSort,0.718133,18115
RANDOM_1600,MSD Radix,1.63826,7218
RANDOM_1600,MSD Radix + Quick,0.467133,10177
REVERSED_1600,std::sort,0.318091,6614
REVERSED_1600,MergeSort,1.48829,12136
REVERSED_1600,MergeSort LCP,2.85913,13335
REVERSED_1600,Ternary QuickSort,3.35882,71711
REVERSED_1600,MSD Radix,1.9605,7176
REVERSED_1600,MSD Radix + Quick,2.374,20257
ALMOST_1600,std::sort,1.76992,17345
ALMOST_1600,MergeSort,3.26521,18600
ALMOST_1600,MergeSort LCP,3.55297,17623
ALMOST_1600,Ternary QuickSort,3.63248,42834
ALMOST_1600,MSD Radix,4.93353,7232
ALMOST_1600,MSD Radix + Quick,1.73058,11332
WITHPREFIX_1600,std::sort,9.63085,266780
WITHPREFIX_1600,MergeSort,7.49064,201276
WITHPREFIX_1600,MergeSort LCP,6.42601,201254
WITHPREFIX_1600,Ternary QuickSort,1.08837,38496
WITHPREFIX_1600,MSD Radix,3.66608,45636
WITHPREFIX_1600,MSD Radix + Quick,2.43148,48444
RANDOM_1700,std::sort,1.60634,29247
RANDOM_1700,MergeSort,2.10148,22302
RANDOM_1700,MergeSort LCP,3.69497,22252
RANDOM_1700,Ternary QuickSort,0.796083,20057
RANDOM_1700,MSD Radix,1.76621,7714
RANDOM_1700,MSD Radix + Quick,0.510833,11115
REVERSED_1700,std::sort,0.328258,7060
REVERSED_1700,MergeSort,1.59194,12997
REVERSED_1700,MergeSort LCP,3.04503,14261
REVERSED_1700,Ternary QuickSort,2.87926,78190
REVERSED_1700,MSD Radix,1.75759,7712
REVERSED_1700,MSD Radix + Quick,0.881375,22147
ALMOST_1700,std::sort,0.926425,19042
ALMOST_1700,MergeSort,1.77731,20570
ALMOST_1700,MergeSort LCP,3.56668,19561
ALMOST_1700,Ternary QuickSort,1.87985,48541
ALMOST_1700,MSD Radix,1.84714,7708
ALMOST_1700,MSD Radix + Quick,0.548909,12191
WITHPREFIX_1700,std::sort,11.4868,336502
WITHPREFIX_1700,MergeSort,9.59772,264395
WITHPREFIX_1700,MergeSort LCP,7.56401,264344
WITHPREFIX_1700,Ternary QuickSort,1.18432,45350
WITHPREFIX_1700,MSD Radix,4.21267,58752
WITHPREFIX_1700,MSD Radix + Quick,3.02532,61881
RANDOM_1800,std::sort,1.80693,31785
RANDOM_1800,MergeSort,2.24478,23930
RANDOM_1800,MergeSort LCP,3.93832,23920
RANDOM_1800,Ternary QuickSort,0.789258,20003
RANDOM_1800,MSD Radix,1.84577,8196
RANDOM_1800,MSD Radix + Quick,0.551517,11850
REVERSED_1800,std::sort,0.358442,7485
REVERSED_1800,MergeSort,1.70405,14088
REVERSED_1800,MergeSort LCP,3.18528,15027
REVERSED_1800,Ternary QuickSort,2.98667,81623
REVERSED_1800,MSD Radix,1.86502,8190
REVERSED_1800,MSD Radix + Quick,0.973484,24490
ALMOST_1800,std::sort,0.929733,19558
ALMOST_1800,MergeSort,1.8877,21770
ALMOST_1800,MergeSort LCP,3.72777,20954
ALMOST_1800,Ternary QuickSort,1.94557,50314
ALMOST_1800,MSD Radix,2.02112,8240
ALMOST_1800,MSD Radix + Quick,0.595167,13282
WITHPREFIX_1800,std::sort,12.5827,367909
WITHPREFIX_1800,MergeSort,10.4097,282835
WITHPREFIX_1800,MergeSort LCP,8.18082,282638
WITHPREFIX_1800,Ternary QuickSort,1.23193,46362
WITHPREFIX_1800,MSD Radix,4.49113,62132
WITHPREFIX_1800,MSD Radix + Quick,3.18785,65683
RANDOM_1900,std::sort,1.83904,33681
RANDOM_1900,MergeSort,2.34123,25614
RANDOM_1900,MergeSort LCP,4.13112,25635
RANDOM_1900,Ternary QuickSort,0.874742,22421
RANDOM_1900,MSD Radix,2.10262,8810
RANDOM_1900,MSD Radix + Quick,0.603158,12875
REVERSED_1900,std::sort,0.383858,7950
REVERSED_1900,MergeSort,1.80184,15151
REVERSED_1900,MergeSort LCP,3.44712,16006
REVERSED_1900,Ternary QuickSort,3.24027,86230
REVERSED_1900,MSD Radix,2.05836,8766
REVERSED_1900,MSD Radix + Quick,1.09708,26538
ALMOST_1900,std::sort,1.03837,21379
ALMOST_1900,MergeSort,2.08771,22863
ALMOST_1900,MergeSort LCP,4.06663,22199
ALMOST_1900,Ternary QuickSort,2.50048,65394
ALMOST_1900,MSD Radix,2.17177,8746
ALMOST_1900,MSD Radix + Quick,0.656408,14242
WITHPREFIX_1900,std::sort,14.7399,389873
WITHPREFIX_1900,MergeSort,10.9502,299732
WITHPREFIX_1900,MergeSort LCP,8.96915,300206
WITHPREFIX_1900,Ternary QuickSort,1.35078,49147
WITHPREFIX_1900,MSD Radix,4.90908,65706
WITHPREFIX_1900,MSD Radix + Quick,3.37746,69556
RANDOM_2000,std::sort,1.92998,35256
RANDOM_2000,MergeSort,2.49492,27186
RANDOM_2000,MergeSort LCP,4.42168,27192
RANDOM_2000,Ternary QuickSort,0.975233,24834
RANDOM_2000,MSD Radix,2.14268,9230
RANDOM_2000,MSD Radix + Quick,0.616275,13480
REVERSED_2000,std::sort,0.397408,8368
REVERSED_2000,MergeSort,1.92212,16281
REVERSED_2000,MergeSort LCP,3.92126,16675
REVERSED_2000,Ternary QuickSort,3.4245,90977
REVERSED_2000,MSD Radix,2.28949,9258
REVERSED_2000,MSD Radix + Quick,1.20501,29032
ALMOST_2000,std::sort,1.09913,22756
ALMOST_2000,MergeSort,2.26818,24498
ALMOST_2000,MergeSort LCP,4.29527,24120
ALMOST_2000,Ternary QuickSort,1.69611,44076
ALMOST_2000,MSD Radix,2.26103,9284
ALMOST_2000,MSD Radix + Quick,0.657391,14795
WITHPREFIX_2000,std::sort,13.3349,407942
WITHPREFIX_2000,MergeSort,11.5798,318380
WITHPREFIX_2000,MergeSort LCP,9.82007,317789
WITHPREFIX_2000,Ternary QuickSort,1.47038,53513
WITHPREFIX_2000,MSD Radix,5.07006,69134
WITHPREFIX_2000,MSD Radix + Quick,3.44908,73238
RANDOM_2100,std::sort,2.07547,37848
RANDOM_2100,MergeSort,2.61145,28951
RANDOM_2100,MergeSort LCP,4.86869,28975
RANDOM_2100,Ternary QuickSort,0.994216,23577
RANDOM_2100,MSD Radix,2.411,9728
RANDOM_2100,MSD Radix + Quick,0.689491,14289
REVERSED_2100,std::sort,0.430208,8790
REVERSED_2100,MergeSort,2.12655,17186
REVERSED_2100,MergeSort LCP,3.95498,17667
REVERSED_2100,Ternary QuickSort,3.57432,98026
REVERSED_2100,MSD Radix,2.36009,9768
REVERSED_2100,MSD Radix + Quick,1.23051,31737
ALMOST_2100,std::sort,1.18716,24607
ALMOST_2100,MergeSort,2.24524,25842
ALMOST_2100,MergeSort LCP,4.30901,25456
ALMOST_2100,Ternary QuickSort,2.0135,53863
ALMOST_2100,MSD Radix,2.32137,9774
ALMOST_2100,MSD Radix + Quick,0.705991,15916
WITHPREFIX_2100,std::sort,14.7759,442743
WITHPREFIX_2100,MergeSort,12.6465,337008
WITHPREFIX_2100,MergeSort LCP,9.76315,336800
WITHPREFIX_2100,Ternary QuickSort,1.46343,55543
WITHPREFIX_2100,MSD Radix,5.26676,72756
WITHPREFIX_2100,MSD Radix + Quick,3.60307,77256
RANDOM_2200,std::sort,2.28187,40167
RANDOM_2200,MergeSort,3.12307,30530
RANDOM_2200,MergeSort LCP,5.10841,30550
RANDOM_2200,Ternary QuickSort,1.08667,26408
RANDOM_2200,MSD Radix,2.62687,10258
RANDOM_2200,MSD Radix + Quick,0.695692,15098
REVERSED_2200,std::sort,0.43025,9208
REVERSED_2200,MergeSort,2.14477,17982
REVERSED_2200,MergeSort LCP,4.14582,19107
REVERSED_2200,Ternary QuickSort,3.66757,101272
REVERSED_2200,MSD Radix,2.32076,10168
REVERSED_2200,MSD Radix + Quick,1.31175,33677
ALMOST_2200,std::sort,1.21309,25589
ALMOST_2200,MergeSort,2.42702,28299
ALMOST_2200,MergeSort LCP,4.56783,27360
ALMOST_2200,Ternary QuickSort,1.75038,47661
ALMOST_2200,MSD Radix,2.6186,10364
ALMOST_2200,MSD Radix + Quick,0.76605,17047
WITHPREFIX_2200,std::sort,15.6885,460447
WITHPREFIX_2200,MergeSort,12.8777,355477
WITHPREFIX_2200,MergeSort LCP,10.1275,355199
WITHPREFIX_2200,Ternary QuickSort,1.56627,57624
WITHPREFIX_2200,MSD Radix,5.72869,76210
WITHPREFIX_2200,MSD Radix + Quick,3.93422,81028
RANDOM_2300,std::sort,2.30322,42344
RANDOM_2300,MergeSort,2.89349,32257
RANDOM_2300,MergeSort LCP,5.18063,32244
RANDOM_2300,Ternary QuickSort,1.12321,28236
RANDOM_2300,MSD Radix,2.68319,10834
RANDOM_2300,MSD Radix + Quick,0.7609,16317
REVERSED_2300,std::sort,0.489458,9696
REVERSED_2300,MergeSort,2.37827,18922
REVERSED_2300,MergeSort LCP,4.48023,20429
REVERSED_2300,Ternary QuickSort,4.10111,106731
REVERSED_2300,MSD Radix,2.91065,10944
REVERSED_2300,MSD Radix + Quick,1.47931,36016
ALMOST_2300,std::sort,1.26812,26663
ALMOST_2300,MergeSort,2.51223,29114
ALMOST_2300,MergeSort LCP,4.7649,27918
ALMOST_2300,Ternary QuickSort,3.02324,82113
ALMOST_2300,MSD Radix,2.54886,10764
ALMOST_2300,MSD Radix + Quick,0.807591,18389
WITHPREFIX_2300,std::sort,16.0836,478164
WITHPREFIX_2300,MergeSort,14.4045,373933
WITHPREFIX_2300,MergeSort LCP,10.7862,374422
WITHPREFIX_2300,Ternary QuickSort,1.62931,61595
WITHPREFIX_2300,MSD Radix,5.81292,79756
WITHPREFIX_2300,MSD Radix + Quick,3.94918,84898
RANDOM_2400,std::sort,2.41532,44151
RANDOM_2400,MergeSort,3.07216,34046
RANDOM_2400,MergeSort LCP,5.50269,34059
RANDOM_2400,Ternary QuickSort,1.10985,27698
RANDOM_2400,MSD Radix,2.79075,11338
RANDOM_2400,MSD Radix + Quick,0.793416,17115
REVERSED_2400,std::sort,0.4714,10116
REVERSED_2400,MergeSort,2.33943,19691
REVERSED_2400,MergeSort LCP,4.42131,21559
REVERSED_2400,Ternary QuickSort,4.17314,114837
REVERSED_2400,MSD Radix,2.78777,11346
REVERSED_2400,MSD Radix + Quick,1.51459,39067
ALMOST_2400,std::sort,1.37736,29122
ALMOST_2400,MergeSort,2.66538,31014
ALMOST_2400,MergeSort LCP,5.00633,29385
ALMOST_2400,Ternary QuickSort,1.84449,48296
ALMOST_2400,MSD Radix,2.84625,11298
ALMOST_2400,MSD Radix + Quick,0.866358,19269
WITHPREFIX_2400,std::sort,17.9448,501598
WITHPREFIX_2400,MergeSort,17.019,392739
WITHPREFIX_2400,MergeSort LCP,11.7716,393288
WITHPREFIX_2400,Ternary QuickSort,1.74049,63796
WITHPREFIX_2400,MSD Radix,6.12508,83278
WITHPREFIX_2400,MSD Radix + Quick,4.12093,88831
RANDOM_2500,std::sort,2.54747,46930
RANDOM_2500,MergeSort,3.21389,35730
RANDOM_2500,MergeSort LCP,5.64705,35772
RANDOM_2500,Ternary QuickSort,1.29973,30707
RANDOM_2500,MSD Radix,3.00468,11840
RANDOM_2500,MSD Radix + Quick,0.853283,17743
REVERSED_2500,std::sort,0.524992,10585
REVERSED_2500,MergeSort,2.55229,20652
REVERSED_2500,MergeSort LCP,4.82749,22658
REVERSED_2500,Ternary QuickSort,4.5578,118936
REVERSED_2500,MSD Radix,4.17797,11958
REVERSED_2500,MSD Radix + Quick,2.18203,41359
ALMOST_2500,std::sort,1.47651,29872
ALMOST_2500,MergeSort,2.87446,32809
ALMOST_2500,MergeSort LCP,5.23538,31161
ALMOST_2500,Ternary QuickSort,2.64706,70998
ALMOST_2500,MSD Radix,3.09938,11934
ALMOST_2500,MSD Radix + Quick,0.900792,19945
WITHPREFIX_2500,std::sort,18.0641,528252
WITHPREFIX_2500,MergeSort,14.9059,413209
WITHPREFIX_2500,MergeSort LCP,12.0141,412681
WITHPREFIX_2500,Ternary QuickSort,1.76199,66256
WITHPREFIX_2500,MSD Radix,6.39518,86792
WITHPREFIX_2500,MSD Radix + Quick,4.30332,92961
RANDOM_2600,std::sort,3.36077,48654
RANDOM_2600,MergeSort,4.12607,37480
RANDOM_2600,MergeSort LCP,9.13947,37500
RANDOM_2600,Ternary QuickSort,1.31323,30426
RANDOM_2600,MSD Radix,3.28944,12416
RANDOM_2600,MSD Radix + Quick,0.84885,18427
REVERSED_2600,std::sort,0.519208,11004
REVERSED_2600,MergeSort,2.58311,21611
REVERSED_2600,MergeSort LCP,4.8374,23837
REVERSED_2600,Ternary QuickSort,4.6076,125649
REVERSED_2600,MSD Radix,3.11943,12422
REVERSED_2600,MSD Radix + Quick,1.73303,44898
ALMOST_2600,std::sort,1.49416,31390
ALMOST_2600,MergeSort,2.88722,34381
ALMOST_2600,MergeSort LCP,5.47358,32500
ALMOST_2600,Ternary QuickSort,2.33678,63350
ALMOST_2600,MSD Radix,3.06211,12368
ALMOST_2600,MSD Radix + Quick,0.93875,21290
WITHPREFIX_2600,std::sort,18.8414,549485
WITHPREFIX_2600,MergeSort,15.493,431285
WITHPREFIX_2600,MergeSort LCP,12.553,430985
WITHPREFIX_2600,Ternary QuickSort,1.85798,69894
WITHPREFIX_2600,MSD Radix,6.74907,90360
WITHPREFIX_2600,MSD Radix + Quick,4.49094,96864
RANDOM_2700,std::sort,2.6981,50756
RANDOM_2700,MergeSort,3.52016,39261
RANDOM_2700,MergeSort LCP,6.46732,39262
RANDOM_2700,Ternary QuickSort,1.34658,32134
RANDOM_2700,MSD Radix,3.40307,12954
RANDOM_2700,MSD Radix + Quick,0.926333,19265
REVERSED_2700,std::sort,0.537333,11448
REVERSED_2700,MergeSort,2.77257,22513
REVERSED_2700,MergeSort LCP,5.13377,25072
REVERSED_2700,Ternary QuickSort,4.89646,130823
REVERSED_2700,MSD Radix,3.49258,12974
REVERSED_2700,MSD Radix + Quick,1.90536,47963
ALMOST_2700,std::sort,1.57323,32761
ALMOST_2700,MergeSort,3.14402,36299
ALMOST_2700,MergeSort LCP,5.96927,34297
ALMOST_2700,Ternary QuickSort,3.04792,80756
ALMOST_2700,MSD Radix,3.64393,12932
ALMOST_2700,MSD Radix + Quick,1.06692,22645
WITHPREFIX_2700,std::sort,19.7308,574353
WITHPREFIX_2700,MergeSort,16.0839,450106
WITHPREFIX_2700,MergeSort LCP,13.3003,450284
WITHPREFIX_2700,Ternary QuickSort,1.92093,72502
WITHPREFIX_2700,MSD Radix,7.05504,93942
WITHPREFIX_2700,MSD Radix + Quick,4.66023,100585
RANDOM_2800,std::sort,3.00071,53308
RANDOM_2800,MergeSort,3.81602,40973
RANDOM_2800,MergeSort LCP,6.46301,40993
RANDOM_2800,Ternary QuickSort,1.32604,32761
RANDOM_2800,MSD Radix,3.43083,13436
RANDOM_2800,MSD Radix + Quick,0.939634,20454
REVERSED_2800,std::sort,0.57185,11881
REVERSED_2800,MergeSort,2.79468,23519
REVERSED_2800,MergeSort LCP,5.25164,26069
REVERSED_2800,Ternary QuickSort,4.99344,136470
REVERSED_2800,MSD Radix,3.43344,13486
REVERSED_2800,MSD Radix + Quick,1.94732,50558
ALMOST_2800,std::sort,1.58689,33777
ALMOST_2800,MergeSort,3.2561,37991
ALMOST_2800,MergeSort LCP,6.34172,35932
ALMOST_2800,Ternary QuickSort,2.7751,71353
ALMOST_2800,MSD Radix,3.53331,13434
ALMOST_2800,MSD Radix + Quick,1.05562,23156
WITHPREFIX_2800,std::sort,20.2657,614499
WITHPREFIX_2800,MergeSort,17.2954,470168
WITHPREFIX_2800,MergeSort LCP,14.4141,469296
WITHPREFIX_2800,Ternary QuickSort,1.98526,75287
WITHPREFIX_2800,MSD Radix,7.45932,97472
WITHPREFIX_2800,MSD Radix + Quick,4.83199,104358
RANDOM_2900,std::sort,3.0322,55692
RANDOM_2900,MergeSort,3.84104,42889
RANDOM_2900,MergeSort LCP,6.69273,42878
RANDOM_2900,Ternary QuickSort,1.31212,32905
RANDOM_2900,MSD Radix,3.72179,14092
RANDOM_2900,MSD Radix + Quick,0.962533,21447
REVERSED_2900,std::sort,0.576525,12319
REVERSED_2900,MergeSort,2.88872,24477
REVERSED_2900,MergeSort LCP,5.53756,27063
REVERSED_2900,Ternary QuickSort,5.17147,141818
REVERSED_2900,MSD Radix,3.58534,14006
REVERSED_2900,MSD Radix + Quick,2.05654,53466
ALMOST_2900,std::sort,1.66668,35318
ALMOST_2900,MergeSort,3.45838,39286
ALMOST_2900,MergeSort LCP,6.55875,37280
ALMOST_2900,Ternary QuickSort,3.50482,89491
ALMOST_2900,MSD Radix,3.78044,14022
ALMOST_2900,MSD Radix + Quick,1.10396,24698
WITHPREFIX_2900,std::sort,20.7272,619704
WITHPREFIX_2900,MergeSort,18.0596,489596
WITHPREFIX_2900,MergeSort LCP,14.0005,488618
WITHPREFIX_2900,Ternary QuickSort,2.10926,78570
WITHPREFIX_2900,MSD Radix,8.01307,100942
WITHPREFIX_2900,MSD Radix + Quick,5.00217,108314
RANDOM_3000,std::sort,3.17835,58608
RANDOM_3000,MergeSort,3.98361,44691
RANDOM_3000,MergeSort LCP,6.95622,44715
RANDOM_3000,Ternary QuickSort,1.39667,34727
RANDOM_3000,MSD Radix,3.87439,14688
RANDOM_3000,MSD Radix + Quick,1.00345,22436
REVERSED_3000,std::sort,0.603058,12744
REVERSED_3000,MergeSort,3.02666,25799
REVERSED_3000,MergeSort LCP,5.69402,28267
REVERSED_3000,Ternary QuickSort,5.40732,148567
REVERSED_3000,MSD Radix,3.6763,14462
REVERSED_3000,MSD Radix + Quick,2.20466,57432
ALMOST_3000,std::sort,1.75783,36419
ALMOST_3000,MergeSort,3.64047,41221
ALMOST_3000,MergeSort LCP,6.80188,39340
ALMOST_3000,Ternary QuickSort,3.25855,84033
ALMOST_3000,MSD Radix,3.94849,14580
ALMOST_3000,MSD Radix + Quick,1.16823,25189
WITHPREFIX_3000,std::sort,22.1278,651795
WITHPREFIX_3000,MergeSort,18.6097,508330
WITHPREFIX_3000,MergeSort LCP,14.433,508717
WITHPREFIX_3000,Ternary QuickSort,2.10068,79952
WITHPREFIX_3000,MSD Radix,7.98907,104444
WITHPREFIX_3000,MSD Radix + Quick,5.35676,112155
